sample,runtime_secs,memory_usage_kb,bad_state,bad_step,bad_input
recursive-factorial-fail-1-35.c,,,,,
simple-if-else-1-35.c,,,,,
recursive-ackermann-1-35.c,,,,,
nested-recursion-fail-1-35.c,,,,,
two-level-nested-loop-1-35.c,,,,,
simple-if-without-else-1-35.c,,,,,
three-level-nested-loop-fail-1-35.c,,,,,
simple-increasing-loop-1-35.c,,,,,
memory-access-fail-1-35.c,129.60760933333333,1052289.3333333333,core-0-load-seg-fault,66,0000
simple-if-else-reverse-1-35.c,,,,,
simple-assignment-1-35.c,,,,,
division-by-zero-3-35.c,249.289766,992968.0,core-0-division-by-zero,76,3000
invalid-memory-access-fail-2-35.c,,,,,
nested-if-else-1-35.c,,,,,
recursive-fibonacci-1-10.c,,,,,
nested-if-else-reverse-1-35.c,,,,,
return-from-loop-1-35.c,,,,,
simple-decreasing-loop-1-35.c,,,,,
