file,n,qubits
32_12bad_const,1,0
32_12bad_const,2,8
32_12bad_const,3,0
32_12bad_const,4,0
32_12bad_const,5,0
32_12bad_const,6,0
32_12bad_const,7,0
32_12bad_const,8,0
32_12bad_const,9,32
32_12bad_const,10,32
32_12bad_const,11,32
32_12bad_const,12,172
32_12bad_const,13,4
32_12bad_const,14,760
32_12bad_const,15,38
32_12bad_const,16,793
32_12bad_const,17,857
32_12bad_const,18,332
32_12bad_const,19,1176
32_12bad_const,20,259
32_12bad_const,21,710
32_12bad_const,22,131
32_12bad_const,23,1220
32_12bad_const,24,1053
32_12bad_const,25,3370
32_12bad_const,26,2308
32_12bad_const,27,2648
32_12bad_const,28,4427
32_12bad_const,29,5538
32_12bad_const,30,2532
32_12bad_const,31,1808
32_12bad_const,32,6021
32_12bad_const,33,7359
32_12bad_const,34,7211
32_12bad_const,35,6333
32_12bad_const,36,5889
32_12bad_const,37,6391
32_12bad_const,38,10683
32_12bad_const,39,6267
32_12bad_const,40,9143
32_12bad_const,41,10998
32_12bad_const,42,11154
32_12bad_const,43,10741
32_12bad_const,44,9993
32_12bad_const,45,9418
32_12bad_const,46,9902
32_12bad_const,47,10683
32_12bad_const,48,6267
32_12bad_const,49,9143
32_12bad_const,50,10998
32_12bad_const,51,11154
32_12bad_const,52,10741
32_12bad_const,53,9993
32_12bad_const,54,9418
32_12bad_const,55,9902
32_12bad_const,56,10683
32_12bad_const,57,6267
32_12bad_const,58,9143
32_12bad_const,59,10998
32_12bad_const,60,11154
32_12bad_const,61,10741
32_12bad_const,62,9993
32_12bad_const,63,9418
32_12bad_const,64,9902
32_12bad_const,65,10683
32_12bad_const,66,6267
32_12bad_const,67,9143
32_12bad_const,68,10998
32_12bad_const,69,11154
32_12bad_const,70,10741
32_12bad_const,71,9993
32_12bad_const,72,9418
32_12bad_const,73,9902
32_12bad_const,74,10683
32_12bad_const,75,6267
32_12bad_const,76,9143
32_12bad_const,77,10998
32_12bad_const,78,11154
32_12bad_const,79,10741
32_12bad_const,80,9993
32_baseline,1,0
32_baseline,2,0
32_baseline,3,0
32_baseline,4,0
32_baseline,5,0
32_baseline,6,0
32_baseline,7,0
32_baseline,8,0
32_baseline,9,0
32_baseline,10,0
32_baseline,11,0
32_baseline,12,0
32_baseline,13,0
32_baseline,14,0
32_baseline,15,0
32_baseline,16,0
32_baseline,17,0
32_baseline,18,0
32_baseline,19,0
32_baseline,20,0
32_baseline,21,0
32_baseline,22,0
32_baseline,23,0
32_baseline,24,0
32_baseline,25,0
32_baseline,26,0
32_baseline,27,0
32_baseline,28,0
32_baseline,29,0
32_baseline,30,0
32_baseline,31,0
32_baseline,32,0
32_baseline,33,0
32_baseline,34,0
32_baseline,35,0
32_baseline,36,0
32_baseline,37,0
32_baseline,38,0
32_baseline,39,0
32_baseline,40,0
32_baseline,41,0
32_baseline,42,0
32_baseline,43,0
32_baseline,44,0
32_baseline,45,0
32_baseline,46,0
32_baseline,47,0
32_baseline,48,0
32_baseline,49,0
32_baseline,50,0
32_baseline,51,0
32_baseline,52,0
32_baseline,53,0
32_baseline,54,0
32_baseline,55,0
32_baseline,56,0
32_baseline,57,0
32_baseline,58,0
32_baseline,59,0
32_baseline,60,0
32_baseline,61,0
32_baseline,62,0
32_baseline,63,0
32_baseline,64,0
32_baseline,65,0
32_baseline,66,0
32_baseline,67,0
32_baseline,68,0
32_baseline,69,0
32_baseline,70,0
32_baseline,71,8
32_baseline,72,0
32_baseline,73,0
32_baseline,74,0
32_baseline,75,0
32_baseline,76,0
32_baseline,77,0
32_baseline,78,48
32_baseline,79,48
32_baseline,80,48
32_base_mr,1,0
32_base_mr,2,0
32_base_mr,3,0
32_base_mr,4,0
32_base_mr,5,0
32_base_mr,6,0
32_base_mr,7,0
32_base_mr,8,0
32_base_mr,9,0
32_base_mr,10,0
32_base_mr,11,0
32_base_mr,12,0
32_base_mr,13,0
32_base_mr,14,0
32_base_mr,15,0
32_base_mr,16,0
32_base_mr,17,0
32_base_mr,18,0
32_base_mr,19,0
32_base_mr,20,0
32_base_mr,21,0
32_base_mr,22,0
32_base_mr,23,0
32_base_mr,24,0
32_base_mr,25,0
32_base_mr,26,0
32_base_mr,27,0
32_base_mr,28,0
32_base_mr,29,0
32_base_mr,30,0
32_base_mr,31,0
32_base_mr,32,0
32_base_mr,33,0
32_base_mr,34,0
32_base_mr,35,0
32_base_mr,36,0
32_base_mr,37,0
32_base_mr,38,0
32_base_mr,39,0
32_base_mr,40,0
32_base_mr,41,0
32_base_mr,42,0
32_base_mr,43,0
32_base_mr,44,0
32_base_mr,45,0
32_base_mr,46,0
32_base_mr,47,0
32_base_mr,48,0
32_base_mr,49,0
32_base_mr,50,0
32_base_mr,51,0
32_base_mr,52,0
32_base_mr,53,0
32_base_mr,54,0
32_base_mr,55,0
32_base_mr,56,0
32_base_mr,57,0
32_base_mr,58,0
32_base_mr,59,0
32_base_mr,60,0
32_base_mr,61,0
32_base_mr,62,0
32_base_mr,63,0
32_base_mr,64,0
32_base_mr,65,0
32_base_mr,66,0
32_base_mr,67,0
32_base_mr,68,0
32_base_mr,69,0
32_base_mr,70,0
32_base_mr,71,8
32_base_mr,72,0
32_base_mr,73,0
32_base_mr,74,0
32_base_mr,75,0
32_base_mr,76,0
32_base_mr,77,0
32_base_mr,78,48
32_base_mr,79,48
32_base_mr,80,48
32_const_mr,1,0
32_const_mr,2,8
32_const_mr,3,0
32_const_mr,4,0
32_const_mr,5,0
32_const_mr,6,0
32_const_mr,7,0
32_const_mr,8,0
32_const_mr,9,32
32_const_mr,10,32
32_const_mr,11,32
32_const_mr,12,172
32_const_mr,13,4
32_const_mr,14,1257
32_const_mr,15,38
32_const_mr,16,1127
32_const_mr,17,1354
32_const_mr,18,332
32_const_mr,19,1673
32_const_mr,20,259
32_const_mr,21,710
32_const_mr,22,131
32_const_mr,23,1717
32_const_mr,24,1550
32_const_mr,25,4674
32_const_mr,26,2836
32_const_mr,27,3754
32_const_mr,28,6312
32_const_mr,29,7257
32_const_mr,30,2680
32_const_mr,31,1956
32_const_mr,32,7684
32_const_mr,33,8638
32_const_mr,34,9272
32_const_mr,35,7242
32_const_mr,36,7566
32_const_mr,37,8073
32_const_mr,38,11979
32_const_mr,39,6422
32_const_mr,40,10055
32_const_mr,41,13062
32_const_mr,42,12450
32_const_mr,43,12805
32_const_mr,44,10907
32_const_mr,45,11098
32_const_mr,46,11584
32_const_mr,47,11979
32_const_mr,48,6422
32_const_mr,49,10055
32_const_mr,50,13062
32_const_mr,51,12450
32_const_mr,52,12805
32_const_mr,53,10907
32_const_mr,54,11098
32_const_mr,55,11584
32_const_mr,56,11979
32_const_mr,57,6422
32_const_mr,58,10055
32_const_mr,59,13062
32_const_mr,60,12450
32_const_mr,61,12805
32_const_mr,62,10907
32_const_mr,63,11098
32_const_mr,64,11584
32_const_mr,65,11979
32_const_mr,66,6422
32_const_mr,67,10055
32_const_mr,68,13062
32_const_mr,69,12450
32_const_mr,70,12805
32_const_mr,71,10907
32_const_mr,72,11098
32_const_mr,73,11584
32_const_mr,74,11979
32_const_mr,75,6422
32_const_mr,76,10055
32_const_mr,77,13062
32_const_mr,78,12450
32_const_mr,79,12805
32_const_mr,80,10907
32_base_lin,1,0
32_base_lin,2,0
32_base_lin,3,0
32_base_lin,4,0
32_base_lin,5,0
32_base_lin,6,0
32_base_lin,7,0
32_base_lin,8,0
32_base_lin,9,0
32_base_lin,10,0
32_base_lin,11,0
32_base_lin,12,0
32_base_lin,13,0
32_base_lin,14,0
32_base_lin,15,0
32_base_lin,16,0
32_base_lin,17,0
32_base_lin,18,0
32_base_lin,19,0
32_base_lin,20,0
32_base_lin,21,0
32_base_lin,22,0
32_base_lin,23,0
32_base_lin,24,0
32_base_lin,25,0
32_base_lin,26,0
32_base_lin,27,0
32_base_lin,28,0
32_base_lin,29,0
32_base_lin,30,0
32_base_lin,31,0
32_base_lin,32,0
32_base_lin,33,0
32_base_lin,34,0
32_base_lin,35,0
32_base_lin,36,0
32_base_lin,37,0
32_base_lin,38,0
32_base_lin,39,0
32_base_lin,40,0
32_base_lin,41,0
32_base_lin,42,0
32_base_lin,43,0
32_base_lin,44,0
32_base_lin,45,0
32_base_lin,46,0
32_base_lin,47,0
32_base_lin,48,0
32_base_lin,49,0
32_base_lin,50,0
32_base_lin,51,0
32_base_lin,52,0
32_base_lin,53,0
32_base_lin,54,0
32_base_lin,55,0
32_base_lin,56,0
32_base_lin,57,0
32_base_lin,58,0
32_base_lin,59,0
32_base_lin,60,0
32_base_lin,61,0
32_base_lin,62,0
32_base_lin,63,0
32_base_lin,64,0
32_base_lin,65,0
32_base_lin,66,0
32_base_lin,67,0
32_base_lin,68,0
32_base_lin,69,0
32_base_lin,70,0
32_base_lin,71,8
32_base_lin,72,0
32_base_lin,73,0
32_base_lin,74,0
32_base_lin,75,0
32_base_lin,76,0
32_base_lin,77,0
32_base_lin,78,48
32_base_lin,79,48
32_base_lin,80,48
32_12bad_c_lin,1,0
32_12bad_c_lin,2,8
32_12bad_c_lin,3,0
32_12bad_c_lin,4,0
32_12bad_c_lin,5,0
32_12bad_c_lin,6,0
32_12bad_c_lin,7,0
32_12bad_c_lin,8,0
32_12bad_c_lin,9,32
32_12bad_c_lin,10,32
32_12bad_c_lin,11,32
32_12bad_c_lin,12,172
32_12bad_c_lin,13,4
32_12bad_c_lin,14,760
32_12bad_c_lin,15,38
32_12bad_c_lin,16,780
32_12bad_c_lin,17,857
32_12bad_c_lin,18,332
32_12bad_c_lin,19,1176
32_12bad_c_lin,20,259
32_12bad_c_lin,21,710
32_12bad_c_lin,22,131
32_12bad_c_lin,23,1220
32_12bad_c_lin,24,1053
32_12bad_c_lin,25,3322
32_12bad_c_lin,26,2308
32_12bad_c_lin,27,2648
32_12bad_c_lin,28,4331
32_12bad_c_lin,29,5490
32_12bad_c_lin,30,2532
32_12bad_c_lin,31,1808
32_12bad_c_lin,32,5925
32_12bad_c_lin,33,7311
32_12bad_c_lin,34,7067
32_12bad_c_lin,35,6285
32_12bad_c_lin,36,5793
32_12bad_c_lin,37,6295
32_12bad_c_lin,38,10539
32_12bad_c_lin,39,6219
32_12bad_c_lin,40,9047
32_12bad_c_lin,41,10806
32_12bad_c_lin,42,11010
32_12bad_c_lin,43,10549
32_12bad_c_lin,44,9897
32_12bad_c_lin,45,9274
32_12bad_c_lin,46,9758
32_12bad_c_lin,47,10539
32_12bad_c_lin,48,6219
32_12bad_c_lin,49,9047
32_12bad_c_lin,50,10806
32_12bad_c_lin,51,11010
32_12bad_c_lin,52,10549
32_12bad_c_lin,53,9897
32_12bad_c_lin,54,9274
32_12bad_c_lin,55,9758
32_12bad_c_lin,56,10539
32_12bad_c_lin,57,6219
32_12bad_c_lin,58,9047
32_12bad_c_lin,59,10806
32_12bad_c_lin,60,11010
32_12bad_c_lin,61,10549
32_12bad_c_lin,62,9897
32_12bad_c_lin,63,9274
32_12bad_c_lin,64,9758
32_12bad_c_lin,65,10539
32_12bad_c_lin,66,6219
32_12bad_c_lin,67,9047
32_12bad_c_lin,68,10806
32_12bad_c_lin,69,11010
32_12bad_c_lin,70,10549
32_12bad_c_lin,71,9897
32_12bad_c_lin,72,9274
32_12bad_c_lin,73,9758
32_12bad_c_lin,74,10539
32_12bad_c_lin,75,6219
32_12bad_c_lin,76,9047
32_12bad_c_lin,77,10806
32_12bad_c_lin,78,11010
32_12bad_c_lin,79,10549
32_12bad_c_lin,80,9897
32_12bad_lin,1,0
32_12bad_lin,2,0
32_12bad_lin,3,0
32_12bad_lin,4,0
32_12bad_lin,5,0
32_12bad_lin,6,0
32_12bad_lin,7,0
32_12bad_lin,8,0
32_12bad_lin,9,0
32_12bad_lin,10,0
32_12bad_lin,11,0
32_12bad_lin,12,0
32_12bad_lin,13,0
32_12bad_lin,14,0
32_12bad_lin,15,0
32_12bad_lin,16,0
32_12bad_lin,17,0
32_12bad_lin,18,0
32_12bad_lin,19,0
32_12bad_lin,20,0
32_12bad_lin,21,0
32_12bad_lin,22,0
32_12bad_lin,23,0
32_12bad_lin,24,0
32_12bad_lin,25,0
32_12bad_lin,26,0
32_12bad_lin,27,0
32_12bad_lin,28,0
32_12bad_lin,29,0
32_12bad_lin,30,0
32_12bad_lin,31,0
32_12bad_lin,32,0
32_12bad_lin,33,0
32_12bad_lin,34,0
32_12bad_lin,35,0
32_12bad_lin,36,0
32_12bad_lin,37,0
32_12bad_lin,38,0
32_12bad_lin,39,0
32_12bad_lin,40,0
32_12bad_lin,41,0
32_12bad_lin,42,0
32_12bad_lin,43,0
32_12bad_lin,44,0
32_12bad_lin,45,0
32_12bad_lin,46,0
32_12bad_lin,47,0
32_12bad_lin,48,0
32_12bad_lin,49,0
32_12bad_lin,50,0
32_12bad_lin,51,0
32_12bad_lin,52,0
32_12bad_lin,53,0
32_12bad_lin,54,0
32_12bad_lin,55,0
32_12bad_lin,56,0
32_12bad_lin,57,0
32_12bad_lin,58,0
32_12bad_lin,59,0
32_12bad_lin,60,0
32_12bad_lin,61,0
32_12bad_lin,62,0
32_12bad_lin,63,0
32_12bad_lin,64,0
32_12bad_lin,65,0
32_12bad_lin,66,0
32_12bad_lin,67,0
32_12bad_lin,68,0
32_12bad_lin,69,0
32_12bad_lin,70,0
32_12bad_lin,71,8
32_12bad_lin,72,0
32_12bad_lin,73,0
32_12bad_lin,74,0
32_12bad_lin,75,0
32_12bad_lin,76,0
32_12bad_lin,77,0
32_12bad_lin,78,48
32_12bad_lin,79,48
32_12bad_lin,80,48
32_const_prop,1,0
32_const_prop,2,8
32_const_prop,3,0
32_const_prop,4,0
32_const_prop,5,0
32_const_prop,6,0
32_const_prop,7,0
32_const_prop,8,0
32_const_prop,9,32
32_const_prop,10,32
32_const_prop,11,32
32_const_prop,12,172
32_const_prop,13,4
32_const_prop,14,760
32_const_prop,15,38
32_const_prop,16,794
32_const_prop,17,857
32_const_prop,18,332
32_const_prop,19,1176
32_const_prop,20,259
32_const_prop,21,710
32_const_prop,22,131
32_const_prop,23,1220
32_const_prop,24,1053
32_const_prop,25,3402
32_const_prop,26,2339
32_const_prop,27,2679
32_const_prop,28,4459
32_const_prop,29,5570
32_const_prop,30,2563
32_const_prop,31,1839
32_const_prop,32,6053
32_const_prop,33,7391
32_const_prop,34,7243
32_const_prop,35,6365
32_const_prop,36,5921
32_const_prop,37,6428
32_const_prop,38,10718
32_const_prop,39,6301
32_const_prop,40,9178
32_const_prop,41,11033
32_const_prop,42,11189
32_const_prop,43,10776
32_const_prop,44,10030
32_const_prop,45,9453
32_const_prop,46,9939
32_const_prop,47,10718
32_const_prop,48,6301
32_const_prop,49,9178
32_const_prop,50,11033
32_const_prop,51,11189
32_const_prop,52,10776
32_const_prop,53,10030
32_const_prop,54,9453
32_const_prop,55,9939
32_const_prop,56,10718
32_const_prop,57,6301
32_const_prop,58,9178
32_const_prop,59,11033
32_const_prop,60,11189
32_const_prop,61,10776
32_const_prop,62,10030
32_const_prop,63,9453
32_const_prop,64,9939
32_const_prop,65,10718
32_const_prop,66,6301
32_const_prop,67,9178
32_const_prop,68,11033
32_const_prop,69,11189
32_const_prop,70,10776
32_const_prop,71,10030
32_const_prop,72,9453
32_const_prop,73,9939
32_const_prop,74,10718
32_const_prop,75,6301
32_const_prop,76,9178
32_const_prop,77,11033
32_const_prop,78,11189
32_const_prop,79,10776
32_const_prop,80,10030
32_const_lin,1,0
32_const_lin,2,8
32_const_lin,3,0
32_const_lin,4,0
32_const_lin,5,0
32_const_lin,6,0
32_const_lin,7,0
32_const_lin,8,0
32_const_lin,9,32
32_const_lin,10,32
32_const_lin,11,32
32_const_lin,12,172
32_const_lin,13,4
32_const_lin,14,760
32_const_lin,15,38
32_const_lin,16,781
32_const_lin,17,857
32_const_lin,18,332
32_const_lin,19,1176
32_const_lin,20,259
32_const_lin,21,710
32_const_lin,22,131
32_const_lin,23,1220
32_const_lin,24,1053
32_const_lin,25,3354
32_const_lin,26,2339
32_const_lin,27,2679
32_const_lin,28,4363
32_const_lin,29,5522
32_const_lin,30,2563
32_const_lin,31,1839
32_const_lin,32,5957
32_const_lin,33,7343
32_const_lin,34,7099
32_const_lin,35,6317
32_const_lin,36,5825
32_const_lin,37,6332
32_const_lin,38,10574
32_const_lin,39,6253
32_const_lin,40,9082
32_const_lin,41,10841
32_const_lin,42,11045
32_const_lin,43,10584
32_const_lin,44,9934
32_const_lin,45,9309
32_const_lin,46,9795
32_const_lin,47,10574
32_const_lin,48,6253
32_const_lin,49,9082
32_const_lin,50,10841
32_const_lin,51,11045
32_const_lin,52,10584
32_const_lin,53,9934
32_const_lin,54,9309
32_const_lin,55,9795
32_const_lin,56,10574
32_const_lin,57,6253
32_const_lin,58,9082
32_const_lin,59,10841
32_const_lin,60,11045
32_const_lin,61,10584
32_const_lin,62,9934
32_const_lin,63,9309
32_const_lin,64,9795
32_const_lin,65,10574
32_const_lin,66,6253
32_const_lin,67,9082
32_const_lin,68,10841
32_const_lin,69,11045
32_const_lin,70,10584
32_const_lin,71,9934
32_const_lin,72,9309
32_const_lin,73,9795
32_const_lin,74,10574
32_const_lin,75,6253
32_const_lin,76,9082
32_const_lin,77,10841
32_const_lin,78,11045
32_const_lin,79,10584
32_const_lin,80,9934
32_base_mmu,1,0
32_base_mmu,2,0
32_base_mmu,3,0
32_base_mmu,4,0
32_base_mmu,5,0
32_base_mmu,6,0
32_base_mmu,7,0
32_base_mmu,8,0
32_base_mmu,9,0
32_base_mmu,10,0
32_base_mmu,11,0
32_base_mmu,12,0
32_base_mmu,13,0
32_base_mmu,14,0
32_base_mmu,15,0
32_base_mmu,16,0
32_base_mmu,17,0
32_base_mmu,18,0
32_base_mmu,19,0
32_base_mmu,20,0
32_base_mmu,21,0
32_base_mmu,22,0
32_base_mmu,23,0
32_base_mmu,24,0
32_base_mmu,25,0
32_base_mmu,26,0
32_base_mmu,27,0
32_base_mmu,28,0
32_base_mmu,29,0
32_base_mmu,30,0
32_base_mmu,31,0
32_base_mmu,32,0
32_base_mmu,33,0
32_base_mmu,34,0
32_base_mmu,35,0
32_base_mmu,36,0
32_base_mmu,37,0
32_base_mmu,38,0
32_base_mmu,39,0
32_base_mmu,40,0
32_base_mmu,41,0
32_base_mmu,42,0
32_base_mmu,43,0
32_base_mmu,44,0
32_base_mmu,45,0
32_base_mmu,46,0
32_base_mmu,47,0
32_base_mmu,48,0
32_base_mmu,49,0
32_base_mmu,50,0
32_base_mmu,51,0
32_base_mmu,52,0
32_base_mmu,53,0
32_base_mmu,54,0
32_base_mmu,55,0
32_base_mmu,56,0
32_base_mmu,57,0
32_base_mmu,58,0
32_base_mmu,59,0
32_base_mmu,60,0
32_base_mmu,61,0
32_base_mmu,62,0
32_base_mmu,63,0
32_base_mmu,64,0
32_base_mmu,65,0
32_base_mmu,66,0
32_base_mmu,67,0
32_base_mmu,68,0
32_base_mmu,69,0
32_base_mmu,70,0
32_base_mmu,71,8
32_base_mmu,72,0
32_base_mmu,73,0
32_base_mmu,74,0
32_base_mmu,75,0
32_base_mmu,76,0
32_base_mmu,77,0
32_base_mmu,78,48
32_base_mmu,79,48
32_base_mmu,80,48
32_base_ram,1,0
32_base_ram,2,0
32_base_ram,3,0
32_base_ram,4,0
32_base_ram,5,0
32_base_ram,6,0
32_base_ram,7,0
32_base_ram,8,0
32_base_ram,9,0
32_base_ram,10,0
32_base_ram,11,0
32_base_ram,12,0
32_base_ram,13,0
32_base_ram,14,0
32_base_ram,15,0
32_base_ram,16,0
32_base_ram,17,0
32_base_ram,18,0
32_base_ram,19,0
32_base_ram,20,0
32_base_ram,21,0
32_base_ram,22,0
32_base_ram,23,0
32_base_ram,24,0
32_base_ram,25,0
32_base_ram,26,0
32_base_ram,27,0
32_base_ram,28,0
32_base_ram,29,0
32_base_ram,30,0
32_base_ram,31,0
32_base_ram,32,0
32_base_ram,33,0
32_base_ram,34,0
32_base_ram,35,0
32_base_ram,36,0
32_base_ram,37,0
32_base_ram,38,0
32_base_ram,39,0
32_base_ram,40,0
32_base_ram,41,0
32_base_ram,42,0
32_base_ram,43,0
32_base_ram,44,0
32_base_ram,45,0
32_base_ram,46,0
32_base_ram,47,0
32_base_ram,48,0
32_base_ram,49,0
32_base_ram,50,0
32_base_ram,51,0
32_base_ram,52,0
32_base_ram,53,0
32_base_ram,54,0
32_base_ram,55,0
32_base_ram,56,0
32_base_ram,57,0
32_base_ram,58,0
32_base_ram,59,0
32_base_ram,60,0
32_base_ram,61,0
32_base_ram,62,0
32_base_ram,63,0
32_base_ram,64,0
32_base_ram,65,0
32_base_ram,66,0
32_base_ram,67,0
32_base_ram,68,0
32_base_ram,69,0
32_base_ram,70,0
32_base_ram,71,8
32_base_ram,72,0
32_base_ram,73,0
32_base_ram,74,0
32_base_ram,75,0
32_base_ram,76,0
32_base_ram,77,0
32_base_ram,78,48
32_base_ram,79,48
32_base_ram,80,48
32_const_mmu,1,0
32_const_mmu,2,8
32_const_mmu,3,0
32_const_mmu,4,0
32_const_mmu,5,0
32_const_mmu,6,0
32_const_mmu,7,0
32_const_mmu,8,0
32_const_mmu,9,32
32_const_mmu,10,32
32_const_mmu,11,32
32_const_mmu,12,172
32_const_mmu,13,4
32_const_mmu,14,1257
32_const_mmu,15,38
32_const_mmu,16,1675
32_const_mmu,17,1354
32_const_mmu,18,354
32_const_mmu,19,1673
32_const_mmu,20,259
32_const_mmu,21,710
32_const_mmu,22,131
32_const_mmu,23,1717
32_const_mmu,24,1550
32_const_mmu,25,4994
32_const_mmu,26,2836
32_const_mmu,27,3435
32_const_mmu,28,6952
32_const_mmu,29,8201
32_const_mmu,30,2680
32_const_mmu,31,1956
32_const_mmu,32,8676
32_const_mmu,33,10022
32_const_mmu,34,10760
32_const_mmu,35,8122
32_const_mmu,36,8558
32_const_mmu,37,9065
32_const_mmu,38,14235
32_const_mmu,39,7302
32_const_mmu,40,11815
32_const_mmu,41,15430
32_const_mmu,42,14706
32_const_mmu,43,15173
32_const_mmu,44,12667
32_const_mmu,45,12970
32_const_mmu,46,13456
32_const_mmu,47,14235
32_const_mmu,48,7302
32_const_mmu,49,11815
32_const_mmu,50,15430
32_const_mmu,51,14706
32_const_mmu,52,15173
32_const_mmu,53,12667
32_const_mmu,54,12970
32_const_mmu,55,13456
32_const_mmu,56,14235
32_const_mmu,57,7302
32_const_mmu,58,11815
32_const_mmu,59,15430
32_const_mmu,60,14706
32_const_mmu,61,15173
32_const_mmu,62,12667
32_const_mmu,63,12970
32_const_mmu,64,13456
32_const_mmu,65,14235
32_const_mmu,66,7302
32_const_mmu,67,11815
32_const_mmu,68,15430
32_const_mmu,69,14706
32_const_mmu,70,15173
32_const_mmu,71,12667
32_const_mmu,72,12970
32_const_mmu,73,13456
32_const_mmu,74,14235
32_const_mmu,75,7302
32_const_mmu,76,11815
32_const_mmu,77,15430
32_const_mmu,78,14706
32_const_mmu,79,15173
32_const_mmu,80,12667
32_12bad_c_mr,1,0
32_12bad_c_mr,2,8
32_12bad_c_mr,3,0
32_12bad_c_mr,4,0
32_12bad_c_mr,5,0
32_12bad_c_mr,6,0
32_12bad_c_mr,7,0
32_12bad_c_mr,8,0
32_12bad_c_mr,9,32
32_12bad_c_mr,10,32
32_12bad_c_mr,11,32
32_12bad_c_mr,12,172
32_12bad_c_mr,13,4
32_12bad_c_mr,14,1257
32_12bad_c_mr,15,38
32_12bad_c_mr,16,1126
32_12bad_c_mr,17,1354
32_12bad_c_mr,18,332
32_12bad_c_mr,19,1673
32_12bad_c_mr,20,259
32_12bad_c_mr,21,710
32_12bad_c_mr,22,131
32_12bad_c_mr,23,1717
32_12bad_c_mr,24,1550
32_12bad_c_mr,25,4642
32_12bad_c_mr,26,2805
32_12bad_c_mr,27,3723
32_12bad_c_mr,28,6280
32_12bad_c_mr,29,7225
32_12bad_c_mr,30,2649
32_12bad_c_mr,31,1925
32_12bad_c_mr,32,7652
32_12bad_c_mr,33,8606
32_12bad_c_mr,34,9240
32_12bad_c_mr,35,7210
32_12bad_c_mr,36,7534
32_12bad_c_mr,37,8036
32_12bad_c_mr,38,11944
32_12bad_c_mr,39,6388
32_12bad_c_mr,40,10020
32_12bad_c_mr,41,13027
32_12bad_c_mr,42,12415
32_12bad_c_mr,43,12770
32_12bad_c_mr,44,10870
32_12bad_c_mr,45,11063
32_12bad_c_mr,46,11547
32_12bad_c_mr,47,11944
32_12bad_c_mr,48,6388
32_12bad_c_mr,49,10020
32_12bad_c_mr,50,13027
32_12bad_c_mr,51,12415
32_12bad_c_mr,52,12770
32_12bad_c_mr,53,10870
32_12bad_c_mr,54,11063
32_12bad_c_mr,55,11547
32_12bad_c_mr,56,11944
32_12bad_c_mr,57,6388
32_12bad_c_mr,58,10020
32_12bad_c_mr,59,13027
32_12bad_c_mr,60,12415
32_12bad_c_mr,61,12770
32_12bad_c_mr,62,10870
32_12bad_c_mr,63,11063
32_12bad_c_mr,64,11547
32_12bad_c_mr,65,11944
32_12bad_c_mr,66,6388
32_12bad_c_mr,67,10020
32_12bad_c_mr,68,13027
32_12bad_c_mr,69,12415
32_12bad_c_mr,70,12770
32_12bad_c_mr,71,10870
32_12bad_c_mr,72,11063
32_12bad_c_mr,73,11547
32_12bad_c_mr,74,11944
32_12bad_c_mr,75,6388
32_12bad_c_mr,76,10020
32_12bad_c_mr,77,13027
32_12bad_c_mr,78,12415
32_12bad_c_mr,79,12770
32_12bad_c_mr,80,10870
32_const_ram,1,0
32_const_ram,2,8
32_const_ram,3,0
32_const_ram,4,0
32_const_ram,5,0
32_const_ram,6,0
32_const_ram,7,0
32_const_ram,8,0
32_const_ram,9,32
32_const_ram,10,32
32_const_ram,11,32
32_const_ram,12,172
32_const_ram,13,4
32_const_ram,14,1257
32_const_ram,15,38
32_const_ram,16,1811
32_const_ram,17,1354
32_const_ram,18,354
32_const_ram,19,1673
32_const_ram,20,259
32_const_ram,21,710
32_const_ram,22,131
32_const_ram,23,1717
32_const_ram,24,1550
32_const_ram,25,5554
32_const_ram,26,2836
32_const_ram,27,3995
32_const_ram,28,8072
32_const_ram,29,9025
32_const_ram,30,2680
32_const_ram,31,1956
32_const_ram,32,9444
32_const_ram,33,10406
32_const_ram,34,11912
32_const_ram,35,8122
32_const_ram,36,9326
32_const_ram,37,9833
32_const_ram,38,14619
32_const_ram,39,7302
32_const_ram,40,11815
32_const_ram,41,16582
32_const_ram,42,15090
32_const_ram,43,16325
32_const_ram,44,12667
32_const_ram,45,13738
32_const_ram,46,14224
32_const_ram,47,14619
32_const_ram,48,7302
32_const_ram,49,11815
32_const_ram,50,16582
32_const_ram,51,15090
32_const_ram,52,16325
32_const_ram,53,12667
32_const_ram,54,13738
32_const_ram,55,14224
32_const_ram,56,14619
32_const_ram,57,7302
32_const_ram,58,11815
32_const_ram,59,16582
32_const_ram,60,15090
32_const_ram,61,16325
32_const_ram,62,12667
32_const_ram,63,13738
32_const_ram,64,14224
32_const_ram,65,14619
32_const_ram,66,7302
32_const_ram,67,11815
32_const_ram,68,16582
32_const_ram,69,15090
32_const_ram,70,16325
32_const_ram,71,12667
32_const_ram,72,13738
32_const_ram,73,14224
32_const_ram,74,14619
32_const_ram,75,7302
32_const_ram,76,11815
32_const_ram,77,16582
32_const_ram,78,15090
32_const_ram,79,16325
32_const_ram,80,12667
32_12bad,1,0
32_12bad,2,0
32_12bad,3,0
32_12bad,4,0
32_12bad,5,0
32_12bad,6,0
32_12bad,7,0
32_12bad,8,0
32_12bad,9,0
32_12bad,10,0
32_12bad,11,0
32_12bad,12,0
32_12bad,13,0
32_12bad,14,0
32_12bad,15,0
32_12bad,16,0
32_12bad,17,0
32_12bad,18,0
32_12bad,19,0
32_12bad,20,0
32_12bad,21,0
32_12bad,22,0
32_12bad,23,0
32_12bad,24,0
32_12bad,25,0
32_12bad,26,0
32_12bad,27,0
32_12bad,28,0
32_12bad,29,0
32_12bad,30,0
32_12bad,31,0
32_12bad,32,0
32_12bad,33,0
32_12bad,34,0
32_12bad,35,0
32_12bad,36,0
32_12bad,37,0
32_12bad,38,0
32_12bad,39,0
32_12bad,40,0
32_12bad,41,0
32_12bad,42,0
32_12bad,43,0
32_12bad,44,0
32_12bad,45,0
32_12bad,46,0
32_12bad,47,0
32_12bad,48,0
32_12bad,49,0
32_12bad,50,0
32_12bad,51,0
32_12bad,52,0
32_12bad,53,0
32_12bad,54,0
32_12bad,55,0
32_12bad,56,0
32_12bad,57,0
32_12bad,58,0
32_12bad,59,0
32_12bad,60,0
32_12bad,61,0
32_12bad,62,0
32_12bad,63,0
32_12bad,64,0
32_12bad,65,0
32_12bad,66,0
32_12bad,67,0
32_12bad,68,0
32_12bad,69,0
32_12bad,70,0
32_12bad,71,8
32_12bad,72,0
32_12bad,73,0
32_12bad,74,0
32_12bad,75,0
32_12bad,76,0
32_12bad,77,0
32_12bad,78,48
32_12bad,79,48
32_12bad,80,48
32_12bad_mmu,1,0
32_12bad_mmu,2,0
32_12bad_mmu,3,0
32_12bad_mmu,4,0
32_12bad_mmu,5,0
32_12bad_mmu,6,0
32_12bad_mmu,7,0
32_12bad_mmu,8,0
32_12bad_mmu,9,0
32_12bad_mmu,10,0
32_12bad_mmu,11,0
32_12bad_mmu,12,0
32_12bad_mmu,13,0
32_12bad_mmu,14,0
32_12bad_mmu,15,0
32_12bad_mmu,16,0
32_12bad_mmu,17,0
32_12bad_mmu,18,0
32_12bad_mmu,19,0
32_12bad_mmu,20,0
32_12bad_mmu,21,0
32_12bad_mmu,22,0
32_12bad_mmu,23,0
32_12bad_mmu,24,0
32_12bad_mmu,25,0
32_12bad_mmu,26,0
32_12bad_mmu,27,0
32_12bad_mmu,28,0
32_12bad_mmu,29,0
32_12bad_mmu,30,0
32_12bad_mmu,31,0
32_12bad_mmu,32,0
32_12bad_mmu,33,0
32_12bad_mmu,34,0
32_12bad_mmu,35,0
32_12bad_mmu,36,0
32_12bad_mmu,37,0
32_12bad_mmu,38,0
32_12bad_mmu,39,0
32_12bad_mmu,40,0
32_12bad_mmu,41,0
32_12bad_mmu,42,0
32_12bad_mmu,43,0
32_12bad_mmu,44,0
32_12bad_mmu,45,0
32_12bad_mmu,46,0
32_12bad_mmu,47,0
32_12bad_mmu,48,0
32_12bad_mmu,49,0
32_12bad_mmu,50,0
32_12bad_mmu,51,0
32_12bad_mmu,52,0
32_12bad_mmu,53,0
32_12bad_mmu,54,0
32_12bad_mmu,55,0
32_12bad_mmu,56,0
32_12bad_mmu,57,0
32_12bad_mmu,58,0
32_12bad_mmu,59,0
32_12bad_mmu,60,0
32_12bad_mmu,61,0
32_12bad_mmu,62,0
32_12bad_mmu,63,0
32_12bad_mmu,64,0
32_12bad_mmu,65,0
32_12bad_mmu,66,0
32_12bad_mmu,67,0
32_12bad_mmu,68,0
32_12bad_mmu,69,0
32_12bad_mmu,70,0
32_12bad_mmu,71,8
32_12bad_mmu,72,0
32_12bad_mmu,73,0
32_12bad_mmu,74,0
32_12bad_mmu,75,0
32_12bad_mmu,76,0
32_12bad_mmu,77,0
32_12bad_mmu,78,48
32_12bad_mmu,79,48
32_12bad_mmu,80,48
32_12bad_c_ram,1,0
32_12bad_c_ram,2,8
32_12bad_c_ram,3,0
32_12bad_c_ram,4,0
32_12bad_c_ram,5,0
32_12bad_c_ram,6,0
32_12bad_c_ram,7,0
32_12bad_c_ram,8,0
32_12bad_c_ram,9,32
32_12bad_c_ram,10,32
32_12bad_c_ram,11,32
32_12bad_c_ram,12,172
32_12bad_c_ram,13,4
32_12bad_c_ram,14,1257
32_12bad_c_ram,15,38
32_12bad_c_ram,16,1810
32_12bad_c_ram,17,1354
32_12bad_c_ram,18,354
32_12bad_c_ram,19,1673
32_12bad_c_ram,20,259
32_12bad_c_ram,21,710
32_12bad_c_ram,22,131
32_12bad_c_ram,23,1717
32_12bad_c_ram,24,1550
32_12bad_c_ram,25,5522
32_12bad_c_ram,26,2805
32_12bad_c_ram,27,3964
32_12bad_c_ram,28,8040
32_12bad_c_ram,29,8993
32_12bad_c_ram,30,2649
32_12bad_c_ram,31,1925
32_12bad_c_ram,32,9412
32_12bad_c_ram,33,10374
32_12bad_c_ram,34,11880
32_12bad_c_ram,35,8090
32_12bad_c_ram,36,9294
32_12bad_c_ram,37,9796
32_12bad_c_ram,38,14584
32_12bad_c_ram,39,7268
32_12bad_c_ram,40,11780
32_12bad_c_ram,41,16547
32_12bad_c_ram,42,15055
32_12bad_c_ram,43,16290
32_12bad_c_ram,44,12630
32_12bad_c_ram,45,13703
32_12bad_c_ram,46,14187
32_12bad_c_ram,47,14584
32_12bad_c_ram,48,7268
32_12bad_c_ram,49,11780
32_12bad_c_ram,50,16547
32_12bad_c_ram,51,15055
32_12bad_c_ram,52,16290
32_12bad_c_ram,53,12630
32_12bad_c_ram,54,13703
32_12bad_c_ram,55,14187
32_12bad_c_ram,56,14584
32_12bad_c_ram,57,7268
32_12bad_c_ram,58,11780
32_12bad_c_ram,59,16547
32_12bad_c_ram,60,15055
32_12bad_c_ram,61,16290
32_12bad_c_ram,62,12630
32_12bad_c_ram,63,13703
32_12bad_c_ram,64,14187
32_12bad_c_ram,65,14584
32_12bad_c_ram,66,7268
32_12bad_c_ram,67,11780
32_12bad_c_ram,68,16547
32_12bad_c_ram,69,15055
32_12bad_c_ram,70,16290
32_12bad_c_ram,71,12630
32_12bad_c_ram,72,13703
32_12bad_c_ram,73,14187
32_12bad_c_ram,74,14584
32_12bad_c_ram,75,7268
32_12bad_c_ram,76,11780
32_12bad_c_ram,77,16547
32_12bad_c_ram,78,15055
32_12bad_c_ram,79,16290
32_12bad_c_ram,80,12630
32_12bad_ram,1,0
32_12bad_ram,2,0
32_12bad_ram,3,0
32_12bad_ram,4,0
32_12bad_ram,5,0
32_12bad_ram,6,0
32_12bad_ram,7,0
32_12bad_ram,8,0
32_12bad_ram,9,0
32_12bad_ram,10,0
32_12bad_ram,11,0
32_12bad_ram,12,0
32_12bad_ram,13,0
32_12bad_ram,14,0
32_12bad_ram,15,0
32_12bad_ram,16,0
32_12bad_ram,17,0
32_12bad_ram,18,0
32_12bad_ram,19,0
32_12bad_ram,20,0
32_12bad_ram,21,0
32_12bad_ram,22,0
32_12bad_ram,23,0
32_12bad_ram,24,0
32_12bad_ram,25,0
32_12bad_ram,26,0
32_12bad_ram,27,0
32_12bad_ram,28,0
32_12bad_ram,29,0
32_12bad_ram,30,0
32_12bad_ram,31,0
32_12bad_ram,32,0
32_12bad_ram,33,0
32_12bad_ram,34,0
32_12bad_ram,35,0
32_12bad_ram,36,0
32_12bad_ram,37,0
32_12bad_ram,38,0
32_12bad_ram,39,0
32_12bad_ram,40,0
32_12bad_ram,41,0
32_12bad_ram,42,0
32_12bad_ram,43,0
32_12bad_ram,44,0
32_12bad_ram,45,0
32_12bad_ram,46,0
32_12bad_ram,47,0
32_12bad_ram,48,0
32_12bad_ram,49,0
32_12bad_ram,50,0
32_12bad_ram,51,0
32_12bad_ram,52,0
32_12bad_ram,53,0
32_12bad_ram,54,0
32_12bad_ram,55,0
32_12bad_ram,56,0
32_12bad_ram,57,0
32_12bad_ram,58,0
32_12bad_ram,59,0
32_12bad_ram,60,0
32_12bad_ram,61,0
32_12bad_ram,62,0
32_12bad_ram,63,0
32_12bad_ram,64,0
32_12bad_ram,65,0
32_12bad_ram,66,0
32_12bad_ram,67,0
32_12bad_ram,68,0
32_12bad_ram,69,0
32_12bad_ram,70,0
32_12bad_ram,71,8
32_12bad_ram,72,0
32_12bad_ram,73,0
32_12bad_ram,74,0
32_12bad_ram,75,0
32_12bad_ram,76,0
32_12bad_ram,77,0
32_12bad_ram,78,48
32_12bad_ram,79,48
32_12bad_ram,80,48
32_12bad_mr,1,0
32_12bad_mr,2,0
32_12bad_mr,3,0
32_12bad_mr,4,0
32_12bad_mr,5,0
32_12bad_mr,6,0
32_12bad_mr,7,0
32_12bad_mr,8,0
32_12bad_mr,9,0
32_12bad_mr,10,0
32_12bad_mr,11,0
32_12bad_mr,12,0
32_12bad_mr,13,0
32_12bad_mr,14,0
32_12bad_mr,15,0
32_12bad_mr,16,0
32_12bad_mr,17,0
32_12bad_mr,18,0
32_12bad_mr,19,0
32_12bad_mr,20,0
32_12bad_mr,21,0
32_12bad_mr,22,0
32_12bad_mr,23,0
32_12bad_mr,24,0
32_12bad_mr,25,0
32_12bad_mr,26,0
32_12bad_mr,27,0
32_12bad_mr,28,0
32_12bad_mr,29,0
32_12bad_mr,30,0
32_12bad_mr,31,0
32_12bad_mr,32,0
32_12bad_mr,33,0
32_12bad_mr,34,0
32_12bad_mr,35,0
32_12bad_mr,36,0
32_12bad_mr,37,0
32_12bad_mr,38,0
32_12bad_mr,39,0
32_12bad_mr,40,0
32_12bad_mr,41,0
32_12bad_mr,42,0
32_12bad_mr,43,0
32_12bad_mr,44,0
32_12bad_mr,45,0
32_12bad_mr,46,0
32_12bad_mr,47,0
32_12bad_mr,48,0
32_12bad_mr,49,0
32_12bad_mr,50,0
32_12bad_mr,51,0
32_12bad_mr,52,0
32_12bad_mr,53,0
32_12bad_mr,54,0
32_12bad_mr,55,0
32_12bad_mr,56,0
32_12bad_mr,57,0
32_12bad_mr,58,0
32_12bad_mr,59,0
32_12bad_mr,60,0
32_12bad_mr,61,0
32_12bad_mr,62,0
32_12bad_mr,63,0
32_12bad_mr,64,0
32_12bad_mr,65,0
32_12bad_mr,66,0
32_12bad_mr,67,0
32_12bad_mr,68,0
32_12bad_mr,69,0
32_12bad_mr,70,0
32_12bad_mr,71,8
32_12bad_mr,72,0
32_12bad_mr,73,0
32_12bad_mr,74,0
32_12bad_mr,75,0
32_12bad_mr,76,0
32_12bad_mr,77,0
32_12bad_mr,78,48
32_12bad_mr,79,48
32_12bad_mr,80,48
32_12bad_c_mmu,1,0
32_12bad_c_mmu,2,8
32_12bad_c_mmu,3,0
32_12bad_c_mmu,4,0
32_12bad_c_mmu,5,0
32_12bad_c_mmu,6,0
32_12bad_c_mmu,7,0
32_12bad_c_mmu,8,0
32_12bad_c_mmu,9,32
32_12bad_c_mmu,10,32
32_12bad_c_mmu,11,32
32_12bad_c_mmu,12,172
32_12bad_c_mmu,13,4
32_12bad_c_mmu,14,1257
32_12bad_c_mmu,15,38
32_12bad_c_mmu,16,1674
32_12bad_c_mmu,17,1354
32_12bad_c_mmu,18,354
32_12bad_c_mmu,19,1673
32_12bad_c_mmu,20,259
32_12bad_c_mmu,21,710
32_12bad_c_mmu,22,131
32_12bad_c_mmu,23,1717
32_12bad_c_mmu,24,1550
32_12bad_c_mmu,25,4962
32_12bad_c_mmu,26,2805
32_12bad_c_mmu,27,3404
32_12bad_c_mmu,28,6920
32_12bad_c_mmu,29,8169
32_12bad_c_mmu,30,2649
32_12bad_c_mmu,31,1925
32_12bad_c_mmu,32,8644
32_12bad_c_mmu,33,9990
32_12bad_c_mmu,34,10728
32_12bad_c_mmu,35,8090
32_12bad_c_mmu,36,8526
32_12bad_c_mmu,37,9028
32_12bad_c_mmu,38,14200
32_12bad_c_mmu,39,7268
32_12bad_c_mmu,40,11780
32_12bad_c_mmu,41,15395
32_12bad_c_mmu,42,14671
32_12bad_c_mmu,43,15138
32_12bad_c_mmu,44,12630
32_12bad_c_mmu,45,12935
32_12bad_c_mmu,46,13419
32_12bad_c_mmu,47,14200
32_12bad_c_mmu,48,7268
32_12bad_c_mmu,49,11780
32_12bad_c_mmu,50,15395
32_12bad_c_mmu,51,14671
32_12bad_c_mmu,52,15138
32_12bad_c_mmu,53,12630
32_12bad_c_mmu,54,12935
32_12bad_c_mmu,55,13419
32_12bad_c_mmu,56,14200
32_12bad_c_mmu,57,7268
32_12bad_c_mmu,58,11780
32_12bad_c_mmu,59,15395
32_12bad_c_mmu,60,14671
32_12bad_c_mmu,61,15138
32_12bad_c_mmu,62,12630
32_12bad_c_mmu,63,12935
32_12bad_c_mmu,64,13419
32_12bad_c_mmu,65,14200
32_12bad_c_mmu,66,7268
32_12bad_c_mmu,67,11780
32_12bad_c_mmu,68,15395
32_12bad_c_mmu,69,14671
32_12bad_c_mmu,70,15138
32_12bad_c_mmu,71,12630
32_12bad_c_mmu,72,12935
32_12bad_c_mmu,73,13419
32_12bad_c_mmu,74,14200
32_12bad_c_mmu,75,7268
32_12bad_c_mmu,76,11780
32_12bad_c_mmu,77,15395
32_12bad_c_mmu,78,14671
32_12bad_c_mmu,79,15138
32_12bad_c_mmu,80,12630
64_12bad_const,1,0
64_12bad_const,2,8
64_12bad_const,3,0
64_12bad_const,4,0
64_12bad_const,5,0
64_12bad_const,6,0
64_12bad_const,7,0
64_12bad_const,8,0
64_12bad_const,9,32
64_12bad_const,10,32
64_12bad_const,11,32
64_12bad_const,12,300
64_12bad_const,13,4
64_12bad_const,14,890
64_12bad_const,15,38
64_12bad_const,16,1431
64_12bad_const,17,1182
64_12bad_const,18,652
64_12bad_const,19,1853
64_12bad_const,20,515
64_12bad_const,21,1414
64_12bad_const,22,259
64_12bad_const,23,1796
64_12bad_const,24,1602
64_12bad_const,25,7044
64_12bad_const,26,4098
64_12bad_const,27,4601
64_12bad_const,28,9197
64_12bad_const,29,10476
64_12bad_const,30,4765
64_12bad_const,31,3501
64_12bad_const,32,12482
64_12bad_const,33,15445
64_12bad_const,34,15385
64_12bad_const,35,13072
64_12bad_const,36,12454
64_12bad_const,37,13459
64_12bad_const,38,23386
64_12bad_const,39,13934
64_12bad_const,40,20016
64_12bad_const,41,24312
64_12bad_const,42,24334
64_12bad_const,43,23776
64_12bad_const,44,21721
64_12bad_const,45,20844
64_12bad_const,46,21831
64_12bad_const,47,23386
64_12bad_const,48,13934
64_12bad_const,49,20016
64_12bad_const,50,24312
64_12bad_const,51,24334
64_12bad_const,52,23776
64_12bad_const,53,21721
64_12bad_const,54,20844
64_12bad_const,55,21831
64_12bad_const,56,23386
64_12bad_const,57,13934
64_12bad_const,58,20016
64_12bad_const,59,24312
64_12bad_const,60,24334
64_12bad_const,61,23776
64_12bad_const,62,21721
64_12bad_const,63,20844
64_12bad_const,64,21831
64_12bad_const,65,23386
64_12bad_const,66,13934
64_12bad_const,67,20016
64_12bad_const,68,24312
64_12bad_const,69,24334
64_12bad_const,70,23776
64_12bad_const,71,21721
64_12bad_const,72,20844
64_12bad_const,73,21831
64_12bad_const,74,23386
64_12bad_const,75,13934
64_12bad_const,76,20016
64_12bad_const,77,24312
64_12bad_const,78,24334
64_12bad_const,79,23776
64_12bad_const,80,21721
64_baseline,1,0
64_baseline,2,0
64_baseline,3,0
64_baseline,4,0
64_baseline,5,0
64_baseline,6,0
64_baseline,7,0
64_baseline,8,0
64_baseline,9,0
64_baseline,10,0
64_baseline,11,0
64_baseline,12,0
64_baseline,13,0
64_baseline,14,0
64_baseline,15,0
64_baseline,16,0
64_baseline,17,0
64_baseline,18,0
64_baseline,19,0
64_baseline,20,0
64_baseline,21,0
64_baseline,22,0
64_baseline,23,0
64_baseline,24,0
64_baseline,25,0
64_baseline,26,0
64_baseline,27,0
64_baseline,28,0
64_baseline,29,0
64_baseline,30,0
64_baseline,31,0
64_baseline,32,0
64_baseline,33,0
64_baseline,34,0
64_baseline,35,0
64_baseline,36,0
64_baseline,37,0
64_baseline,38,0
64_baseline,39,0
64_baseline,40,0
64_baseline,41,0
64_baseline,42,0
64_baseline,43,0
64_baseline,44,0
64_baseline,45,0
64_baseline,46,0
64_baseline,47,0
64_baseline,48,0
64_baseline,49,0
64_baseline,50,0
64_baseline,51,0
64_baseline,52,0
64_baseline,53,0
64_baseline,54,0
64_baseline,55,0
64_baseline,56,0
64_baseline,57,0
64_baseline,58,0
64_baseline,59,0
64_baseline,60,0
64_baseline,61,0
64_baseline,62,0
64_baseline,63,0
64_baseline,64,0
64_baseline,65,0
64_baseline,66,0
64_baseline,67,0
64_baseline,68,0
64_baseline,69,0
64_baseline,70,0
64_baseline,71,8
64_baseline,72,0
64_baseline,73,0
64_baseline,74,0
64_baseline,75,0
64_baseline,76,0
64_baseline,77,0
64_baseline,78,48
64_baseline,79,48
64_baseline,80,48
64_base_mr,1,0
64_base_mr,2,0
64_base_mr,3,0
64_base_mr,4,0
64_base_mr,5,0
64_base_mr,6,0
64_base_mr,7,0
64_base_mr,8,0
64_base_mr,9,0
64_base_mr,10,0
64_base_mr,11,0
64_base_mr,12,0
64_base_mr,13,0
64_base_mr,14,0
64_base_mr,15,0
64_base_mr,16,0
64_base_mr,17,0
64_base_mr,18,0
64_base_mr,19,0
64_base_mr,20,0
64_base_mr,21,0
64_base_mr,22,0
64_base_mr,23,0
64_base_mr,24,0
64_base_mr,25,0
64_base_mr,26,0
64_base_mr,27,0
64_base_mr,28,0
64_base_mr,29,0
64_base_mr,30,0
64_base_mr,31,0
64_base_mr,32,0
64_base_mr,33,0
64_base_mr,34,0
64_base_mr,35,0
64_base_mr,36,0
64_base_mr,37,0
64_base_mr,38,0
64_base_mr,39,0
64_base_mr,40,0
64_base_mr,41,0
64_base_mr,42,0
64_base_mr,43,0
64_base_mr,44,0
64_base_mr,45,0
64_base_mr,46,0
64_base_mr,47,0
64_base_mr,48,0
64_base_mr,49,0
64_base_mr,50,0
64_base_mr,51,0
64_base_mr,52,0
64_base_mr,53,0
64_base_mr,54,0
64_base_mr,55,0
64_base_mr,56,0
64_base_mr,57,0
64_base_mr,58,0
64_base_mr,59,0
64_base_mr,60,0
64_base_mr,61,0
64_base_mr,62,0
64_base_mr,63,0
64_base_mr,64,0
64_base_mr,65,0
64_base_mr,66,0
64_base_mr,67,0
64_base_mr,68,0
64_base_mr,69,0
64_base_mr,70,0
64_base_mr,71,8
64_base_mr,72,0
64_base_mr,73,0
64_base_mr,74,0
64_base_mr,75,0
64_base_mr,76,0
64_base_mr,77,0
64_base_mr,78,48
64_base_mr,79,48
64_base_mr,80,48
64_const_mr,1,0
64_const_mr,2,8
64_const_mr,3,0
64_const_mr,4,0
64_const_mr,5,0
64_const_mr,6,0
64_const_mr,7,0
64_const_mr,8,0
64_const_mr,9,32
64_const_mr,10,32
64_const_mr,11,32
64_const_mr,12,300
64_const_mr,13,4
64_const_mr,14,1493
64_const_mr,15,38
64_const_mr,16,2045
64_const_mr,17,1785
64_const_mr,18,652
64_const_mr,19,2456
64_const_mr,20,515
64_const_mr,21,1414
64_const_mr,22,259
64_const_mr,23,2399
64_const_mr,24,2205
64_const_mr,25,9682
64_const_mr,26,4764
64_const_mr,27,6389
64_const_mr,28,12960
64_const_mr,29,13876
64_const_mr,30,4979
64_const_mr,31,3719
64_const_mr,32,15706
64_const_mr,33,18021
64_const_mr,34,19518
64_const_mr,35,14901
64_const_mr,36,15819
64_const_mr,37,16829
64_const_mr,38,25986
64_const_mr,39,14281
64_const_mr,40,21848
64_const_mr,41,28448
64_const_mr,42,26934
64_const_mr,43,27912
64_const_mr,44,23555
64_const_mr,45,24212
64_const_mr,46,25201
64_const_mr,47,25986
64_const_mr,48,14281
64_const_mr,49,21848
64_const_mr,50,28448
64_const_mr,51,26934
64_const_mr,52,27912
64_const_mr,53,23555
64_const_mr,54,24212
64_const_mr,55,25201
64_const_mr,56,25986
64_const_mr,57,14281
64_const_mr,58,21848
64_const_mr,59,28448
64_const_mr,60,26934
64_const_mr,61,27912
64_const_mr,62,23555
64_const_mr,63,24212
64_const_mr,64,25201
64_const_mr,65,25986
64_const_mr,66,14281
64_const_mr,67,21848
64_const_mr,68,28448
64_const_mr,69,26934
64_const_mr,70,27912
64_const_mr,71,23555
64_const_mr,72,24212
64_const_mr,73,25201
64_const_mr,74,25986
64_const_mr,75,14281
64_const_mr,76,21848
64_const_mr,77,28448
64_const_mr,78,26934
64_const_mr,79,27912
64_const_mr,80,23555
64_base_lin,1,0
64_base_lin,2,0
64_base_lin,3,0
64_base_lin,4,0
64_base_lin,5,0
64_base_lin,6,0
64_base_lin,7,0
64_base_lin,8,0
64_base_lin,9,0
64_base_lin,10,0
64_base_lin,11,0
64_base_lin,12,0
64_base_lin,13,0
64_base_lin,14,0
64_base_lin,15,0
64_base_lin,16,0
64_base_lin,17,0
64_base_lin,18,0
64_base_lin,19,0
64_base_lin,20,0
64_base_lin,21,0
64_base_lin,22,0
64_base_lin,23,0
64_base_lin,24,0
64_base_lin,25,0
64_base_lin,26,0
64_base_lin,27,0
64_base_lin,28,0
64_base_lin,29,0
64_base_lin,30,0
64_base_lin,31,0
64_base_lin,32,0
64_base_lin,33,0
64_base_lin,34,0
64_base_lin,35,0
64_base_lin,36,0
64_base_lin,37,0
64_base_lin,38,0
64_base_lin,39,0
64_base_lin,40,0
64_base_lin,41,0
64_base_lin,42,0
64_base_lin,43,0
64_base_lin,44,0
64_base_lin,45,0
64_base_lin,46,0
64_base_lin,47,0
64_base_lin,48,0
64_base_lin,49,0
64_base_lin,50,0
64_base_lin,51,0
64_base_lin,52,0
64_base_lin,53,0
64_base_lin,54,0
64_base_lin,55,0
64_base_lin,56,0
64_base_lin,57,0
64_base_lin,58,0
64_base_lin,59,0
64_base_lin,60,0
64_base_lin,61,0
64_base_lin,62,0
64_base_lin,63,0
64_base_lin,64,0
64_base_lin,65,0
64_base_lin,66,0
64_base_lin,67,0
64_base_lin,68,0
64_base_lin,69,0
64_base_lin,70,0
64_base_lin,71,8
64_base_lin,72,0
64_base_lin,73,0
64_base_lin,74,0
64_base_lin,75,0
64_base_lin,76,0
64_base_lin,77,0
64_base_lin,78,48
64_base_lin,79,48
64_base_lin,80,48
64_12bad_c_lin,1,0
64_12bad_c_lin,2,8
64_12bad_c_lin,3,0
64_12bad_c_lin,4,0
64_12bad_c_lin,5,0
64_12bad_c_lin,6,0
64_12bad_c_lin,7,0
64_12bad_c_lin,8,0
64_12bad_c_lin,9,32
64_12bad_c_lin,10,32
64_12bad_c_lin,11,32
64_12bad_c_lin,12,300
64_12bad_c_lin,13,4
64_12bad_c_lin,14,890
64_12bad_c_lin,15,38
64_12bad_c_lin,16,1418
64_12bad_c_lin,17,1182
64_12bad_c_lin,18,652
64_12bad_c_lin,19,1853
64_12bad_c_lin,20,515
64_12bad_c_lin,21,1414
64_12bad_c_lin,22,259
64_12bad_c_lin,23,1796
64_12bad_c_lin,24,1602
64_12bad_c_lin,25,6204
64_12bad_c_lin,26,4098
64_12bad_c_lin,27,4601
64_12bad_c_lin,28,7517
64_12bad_c_lin,29,9612
64_12bad_c_lin,30,4765
64_12bad_c_lin,31,3501
64_12bad_c_lin,32,10802
64_12bad_c_lin,33,13837
64_12bad_c_lin,34,12865
64_12bad_c_lin,35,12232
64_12bad_c_lin,36,10774
64_12bad_c_lin,37,11779
64_12bad_c_lin,38,20866
64_12bad_c_lin,39,13094
64_12bad_c_lin,40,18336
64_12bad_c_lin,41,20952
64_12bad_c_lin,42,21814
64_12bad_c_lin,43,20416
64_12bad_c_lin,44,20041
64_12bad_c_lin,45,18324
64_12bad_c_lin,46,19311
64_12bad_c_lin,47,20866
64_12bad_c_lin,48,13094
64_12bad_c_lin,49,18336
64_12bad_c_lin,50,20952
64_12bad_c_lin,51,21814
64_12bad_c_lin,52,20416
64_12bad_c_lin,53,20041
64_12bad_c_lin,54,18324
64_12bad_c_lin,55,19311
64_12bad_c_lin,56,20866
64_12bad_c_lin,57,13094
64_12bad_c_lin,58,18336
64_12bad_c_lin,59,20952
64_12bad_c_lin,60,21814
64_12bad_c_lin,61,20416
64_12bad_c_lin,62,20041
64_12bad_c_lin,63,18324
64_12bad_c_lin,64,19311
64_12bad_c_lin,65,20866
64_12bad_c_lin,66,13094
64_12bad_c_lin,67,18336
64_12bad_c_lin,68,20952
64_12bad_c_lin,69,21814
64_12bad_c_lin,70,20416
64_12bad_c_lin,71,20041
64_12bad_c_lin,72,18324
64_12bad_c_lin,73,19311
64_12bad_c_lin,74,20866
64_12bad_c_lin,75,13094
64_12bad_c_lin,76,18336
64_12bad_c_lin,77,20952
64_12bad_c_lin,78,21814
64_12bad_c_lin,79,20416
64_12bad_c_lin,80,20041
64_12bad_lin,1,0
64_12bad_lin,2,0
64_12bad_lin,3,0
64_12bad_lin,4,0
64_12bad_lin,5,0
64_12bad_lin,6,0
64_12bad_lin,7,0
64_12bad_lin,8,0
64_12bad_lin,9,0
64_12bad_lin,10,0
64_12bad_lin,11,0
64_12bad_lin,12,0
64_12bad_lin,13,0
64_12bad_lin,14,0
64_12bad_lin,15,0
64_12bad_lin,16,0
64_12bad_lin,17,0
64_12bad_lin,18,0
64_12bad_lin,19,0
64_12bad_lin,20,0
64_12bad_lin,21,0
64_12bad_lin,22,0
64_12bad_lin,23,0
64_12bad_lin,24,0
64_12bad_lin,25,0
64_12bad_lin,26,0
64_12bad_lin,27,0
64_12bad_lin,28,0
64_12bad_lin,29,0
64_12bad_lin,30,0
64_12bad_lin,31,0
64_12bad_lin,32,0
64_12bad_lin,33,0
64_12bad_lin,34,0
64_12bad_lin,35,0
64_12bad_lin,36,0
64_12bad_lin,37,0
64_12bad_lin,38,0
64_12bad_lin,39,0
64_12bad_lin,40,0
64_12bad_lin,41,0
64_12bad_lin,42,0
64_12bad_lin,43,0
64_12bad_lin,44,0
64_12bad_lin,45,0
64_12bad_lin,46,0
64_12bad_lin,47,0
64_12bad_lin,48,0
64_12bad_lin,49,0
64_12bad_lin,50,0
64_12bad_lin,51,0
64_12bad_lin,52,0
64_12bad_lin,53,0
64_12bad_lin,54,0
64_12bad_lin,55,0
64_12bad_lin,56,0
64_12bad_lin,57,0
64_12bad_lin,58,0
64_12bad_lin,59,0
64_12bad_lin,60,0
64_12bad_lin,61,0
64_12bad_lin,62,0
64_12bad_lin,63,0
64_12bad_lin,64,0
64_12bad_lin,65,0
64_12bad_lin,66,0
64_12bad_lin,67,0
64_12bad_lin,68,0
64_12bad_lin,69,0
64_12bad_lin,70,0
64_12bad_lin,71,8
64_12bad_lin,72,0
64_12bad_lin,73,0
64_12bad_lin,74,0
64_12bad_lin,75,0
64_12bad_lin,76,0
64_12bad_lin,77,0
64_12bad_lin,78,48
64_12bad_lin,79,48
64_12bad_lin,80,48
64_const_prop,1,0
64_const_prop,2,8
64_const_prop,3,0
64_const_prop,4,0
64_const_prop,5,0
64_const_prop,6,0
64_const_prop,7,0
64_const_prop,8,0
64_const_prop,9,32
64_const_prop,10,32
64_const_prop,11,32
64_const_prop,12,300
64_const_prop,13,4
64_const_prop,14,890
64_const_prop,15,38
64_const_prop,16,1432
64_const_prop,17,1182
64_const_prop,18,652
64_const_prop,19,1853
64_const_prop,20,515
64_const_prop,21,1414
64_const_prop,22,259
64_const_prop,23,1796
64_const_prop,24,1602
64_const_prop,25,7109
64_const_prop,26,4161
64_const_prop,27,4664
64_const_prop,28,9262
64_const_prop,29,10541
64_const_prop,30,4828
64_const_prop,31,3564
64_const_prop,32,12547
64_const_prop,33,15510
64_const_prop,34,15450
64_const_prop,35,13137
64_const_prop,36,12519
64_const_prop,37,13529
64_const_prop,38,23454
64_const_prop,39,14000
64_const_prop,40,20084
64_const_prop,41,24380
64_const_prop,42,24402
64_const_prop,43,23844
64_const_prop,44,21791
64_const_prop,45,20912
64_const_prop,46,21901
64_const_prop,47,23454
64_const_prop,48,14000
64_const_prop,49,20084
64_const_prop,50,24380
64_const_prop,51,24402
64_const_prop,52,23844
64_const_prop,53,21791
64_const_prop,54,20912
64_const_prop,55,21901
64_const_prop,56,23454
64_const_prop,57,14000
64_const_prop,58,20084
64_const_prop,59,24380
64_const_prop,60,24402
64_const_prop,61,23844
64_const_prop,62,21791
64_const_prop,63,20912
64_const_prop,64,21901
64_const_prop,65,23454
64_const_prop,66,14000
64_const_prop,67,20084
64_const_prop,68,24380
64_const_prop,69,24402
64_const_prop,70,23844
64_const_prop,71,21791
64_const_prop,72,20912
64_const_prop,73,21901
64_const_prop,74,23454
64_const_prop,75,14000
64_const_prop,76,20084
64_const_prop,77,24380
64_const_prop,78,24402
64_const_prop,79,23844
64_const_prop,80,21791
64_const_lin,1,0
64_const_lin,2,8
64_const_lin,3,0
64_const_lin,4,0
64_const_lin,5,0
64_const_lin,6,0
64_const_lin,7,0
64_const_lin,8,0
64_const_lin,9,32
64_const_lin,10,32
64_const_lin,11,32
64_const_lin,12,300
64_const_lin,13,4
64_const_lin,14,890
64_const_lin,15,38
64_const_lin,16,1419
64_const_lin,17,1182
64_const_lin,18,652
64_const_lin,19,1853
64_const_lin,20,515
64_const_lin,21,1414
64_const_lin,22,259
64_const_lin,23,1796
64_const_lin,24,1602
64_const_lin,25,6269
64_const_lin,26,4161
64_const_lin,27,4664
64_const_lin,28,7582
64_const_lin,29,9677
64_const_lin,30,4828
64_const_lin,31,3564
64_const_lin,32,10867
64_const_lin,33,13902
64_const_lin,34,12930
64_const_lin,35,12297
64_const_lin,36,10839
64_const_lin,37,11849
64_const_lin,38,20934
64_const_lin,39,13160
64_const_lin,40,18404
64_const_lin,41,21020
64_const_lin,42,21882
64_const_lin,43,20484
64_const_lin,44,20111
64_const_lin,45,18392
64_const_lin,46,19381
64_const_lin,47,20934
64_const_lin,48,13160
64_const_lin,49,18404
64_const_lin,50,21020
64_const_lin,51,21882
64_const_lin,52,20484
64_const_lin,53,20111
64_const_lin,54,18392
64_const_lin,55,19381
64_const_lin,56,20934
64_const_lin,57,13160
64_const_lin,58,18404
64_const_lin,59,21020
64_const_lin,60,21882
64_const_lin,61,20484
64_const_lin,62,20111
64_const_lin,63,18392
64_const_lin,64,19381
64_const_lin,65,20934
64_const_lin,66,13160
64_const_lin,67,18404
64_const_lin,68,21020
64_const_lin,69,21882
64_const_lin,70,20484
64_const_lin,71,20111
64_const_lin,72,18392
64_const_lin,73,19381
64_const_lin,74,20934
64_const_lin,75,13160
64_const_lin,76,18404
64_const_lin,77,21020
64_const_lin,78,21882
64_const_lin,79,20484
64_const_lin,80,20111
64_base_mmu,1,0
64_base_mmu,2,0
64_base_mmu,3,0
64_base_mmu,4,0
64_base_mmu,5,0
64_base_mmu,6,0
64_base_mmu,7,0
64_base_mmu,8,0
64_base_mmu,9,0
64_base_mmu,10,0
64_base_mmu,11,0
64_base_mmu,12,0
64_base_mmu,13,0
64_base_mmu,14,0
64_base_mmu,15,0
64_base_mmu,16,0
64_base_mmu,17,0
64_base_mmu,18,0
64_base_mmu,19,0
64_base_mmu,20,0
64_base_mmu,21,0
64_base_mmu,22,0
64_base_mmu,23,0
64_base_mmu,24,0
64_base_mmu,25,0
64_base_mmu,26,0
64_base_mmu,27,0
64_base_mmu,28,0
64_base_mmu,29,0
64_base_mmu,30,0
64_base_mmu,31,0
64_base_mmu,32,0
64_base_mmu,33,0
64_base_mmu,34,0
64_base_mmu,35,0
64_base_mmu,36,0
64_base_mmu,37,0
64_base_mmu,38,0
64_base_mmu,39,0
64_base_mmu,40,0
64_base_mmu,41,0
64_base_mmu,42,0
64_base_mmu,43,0
64_base_mmu,44,0
64_base_mmu,45,0
64_base_mmu,46,0
64_base_mmu,47,0
64_base_mmu,48,0
64_base_mmu,49,0
64_base_mmu,50,0
64_base_mmu,51,0
64_base_mmu,52,0
64_base_mmu,53,0
64_base_mmu,54,0
64_base_mmu,55,0
64_base_mmu,56,0
64_base_mmu,57,0
64_base_mmu,58,0
64_base_mmu,59,0
64_base_mmu,60,0
64_base_mmu,61,0
64_base_mmu,62,0
64_base_mmu,63,0
64_base_mmu,64,0
64_base_mmu,65,0
64_base_mmu,66,0
64_base_mmu,67,0
64_base_mmu,68,0
64_base_mmu,69,0
64_base_mmu,70,0
64_base_mmu,71,8
64_base_mmu,72,0
64_base_mmu,73,0
64_base_mmu,74,0
64_base_mmu,75,0
64_base_mmu,76,0
64_base_mmu,77,0
64_base_mmu,78,48
64_base_mmu,79,48
64_base_mmu,80,48
64_base_ram,1,0
64_base_ram,2,0
64_base_ram,3,0
64_base_ram,4,0
64_base_ram,5,0
64_base_ram,6,0
64_base_ram,7,0
64_base_ram,8,0
64_base_ram,9,0
64_base_ram,10,0
64_base_ram,11,0
64_base_ram,12,0
64_base_ram,13,0
64_base_ram,14,0
64_base_ram,15,0
64_base_ram,16,0
64_base_ram,17,0
64_base_ram,18,0
64_base_ram,19,0
64_base_ram,20,0
64_base_ram,21,0
64_base_ram,22,0
64_base_ram,23,0
64_base_ram,24,0
64_base_ram,25,0
64_base_ram,26,0
64_base_ram,27,0
64_base_ram,28,0
64_base_ram,29,0
64_base_ram,30,0
64_base_ram,31,0
64_base_ram,32,0
64_base_ram,33,0
64_base_ram,34,0
64_base_ram,35,0
64_base_ram,36,0
64_base_ram,37,0
64_base_ram,38,0
64_base_ram,39,0
64_base_ram,40,0
64_base_ram,41,0
64_base_ram,42,0
64_base_ram,43,0
64_base_ram,44,0
64_base_ram,45,0
64_base_ram,46,0
64_base_ram,47,0
64_base_ram,48,0
64_base_ram,49,0
64_base_ram,50,0
64_base_ram,51,0
64_base_ram,52,0
64_base_ram,53,0
64_base_ram,54,0
64_base_ram,55,0
64_base_ram,56,0
64_base_ram,57,0
64_base_ram,58,0
64_base_ram,59,0
64_base_ram,60,0
64_base_ram,61,0
64_base_ram,62,0
64_base_ram,63,0
64_base_ram,64,0
64_base_ram,65,0
64_base_ram,66,0
64_base_ram,67,0
64_base_ram,68,0
64_base_ram,69,0
64_base_ram,70,0
64_base_ram,71,8
64_base_ram,72,0
64_base_ram,73,0
64_base_ram,74,0
64_base_ram,75,0
64_base_ram,76,0
64_base_ram,77,0
64_base_ram,78,48
64_base_ram,79,48
64_base_ram,80,48
64_const_mmu,1,0
64_const_mmu,2,8
64_const_mmu,3,0
64_const_mmu,4,0
64_const_mmu,5,0
64_const_mmu,6,0
64_const_mmu,7,0
64_const_mmu,8,0
64_const_mmu,9,32
64_const_mmu,10,32
64_const_mmu,11,32
64_const_mmu,12,300
64_const_mmu,13,4
64_const_mmu,14,1493
64_const_mmu,15,38
64_const_mmu,16,3102
64_const_mmu,17,1785
64_const_mmu,18,674
64_const_mmu,19,2456
64_const_mmu,20,515
64_const_mmu,21,1414
64_const_mmu,22,259
64_const_mmu,23,2399
64_const_mmu,24,2205
64_const_mmu,25,10169
64_const_mmu,26,4764
64_const_mmu,27,5619
64_const_mmu,28,13934
64_const_mmu,29,15199
64_const_mmu,30,4979
64_const_mmu,31,3719
64_const_mmu,32,17352
64_const_mmu,33,20447
64_const_mmu,34,21987
64_const_mmu,35,16492
64_const_mmu,36,17465
64_const_mmu,37,18475
64_const_mmu,38,29991
64_const_mmu,39,15872
64_const_mmu,40,25030
64_const_mmu,41,32508
64_const_mmu,42,30939
64_const_mmu,43,31972
64_const_mmu,44,26737
64_const_mmu,45,27449
64_const_mmu,46,28438
64_const_mmu,47,29991
64_const_mmu,48,15872
64_const_mmu,49,25030
64_const_mmu,50,32508
64_const_mmu,51,30939
64_const_mmu,52,31972
64_const_mmu,53,26737
64_const_mmu,54,27449
64_const_mmu,55,28438
64_const_mmu,56,29991
64_const_mmu,57,15872
64_const_mmu,58,25030
64_const_mmu,59,32508
64_const_mmu,60,30939
64_const_mmu,61,31972
64_const_mmu,62,26737
64_const_mmu,63,27449
64_const_mmu,64,28438
64_const_mmu,65,29991
64_const_mmu,66,15872
64_const_mmu,67,25030
64_const_mmu,68,32508
64_const_mmu,69,30939
64_const_mmu,70,31972
64_const_mmu,71,26737
64_const_mmu,72,27449
64_const_mmu,73,28438
64_const_mmu,74,29991
64_const_mmu,75,15872
64_const_mmu,76,25030
64_const_mmu,77,32508
64_const_mmu,78,30939
64_const_mmu,79,31972
64_const_mmu,80,26737
64_12bad_c_mr,1,0
64_12bad_c_mr,2,8
64_12bad_c_mr,3,0
64_12bad_c_mr,4,0
64_12bad_c_mr,5,0
64_12bad_c_mr,6,0
64_12bad_c_mr,7,0
64_12bad_c_mr,8,0
64_12bad_c_mr,9,32
64_12bad_c_mr,10,32
64_12bad_c_mr,11,32
64_12bad_c_mr,12,300
64_12bad_c_mr,13,4
64_12bad_c_mr,14,1493
64_12bad_c_mr,15,38
64_12bad_c_mr,16,2044
64_12bad_c_mr,17,1785
64_12bad_c_mr,18,652
64_12bad_c_mr,19,2456
64_12bad_c_mr,20,515
64_12bad_c_mr,21,1414
64_12bad_c_mr,22,259
64_12bad_c_mr,23,2399
64_12bad_c_mr,24,2205
64_12bad_c_mr,25,9617
64_12bad_c_mr,26,4701
64_12bad_c_mr,27,6326
64_12bad_c_mr,28,12895
64_12bad_c_mr,29,13811
64_12bad_c_mr,30,4916
64_12bad_c_mr,31,3656
64_12bad_c_mr,32,15641
64_12bad_c_mr,33,17956
64_12bad_c_mr,34,19453
64_12bad_c_mr,35,14836
64_12bad_c_mr,36,15754
64_12bad_c_mr,37,16759
64_12bad_c_mr,38,25918
64_12bad_c_mr,39,14215
64_12bad_c_mr,40,21780
64_12bad_c_mr,41,28380
64_12bad_c_mr,42,26866
64_12bad_c_mr,43,27844
64_12bad_c_mr,44,23485
64_12bad_c_mr,45,24144
64_12bad_c_mr,46,25131
64_12bad_c_mr,47,25918
64_12bad_c_mr,48,14215
64_12bad_c_mr,49,21780
64_12bad_c_mr,50,28380
64_12bad_c_mr,51,26866
64_12bad_c_mr,52,27844
64_12bad_c_mr,53,23485
64_12bad_c_mr,54,24144
64_12bad_c_mr,55,25131
64_12bad_c_mr,56,25918
64_12bad_c_mr,57,14215
64_12bad_c_mr,58,21780
64_12bad_c_mr,59,28380
64_12bad_c_mr,60,26866
64_12bad_c_mr,61,27844
64_12bad_c_mr,62,23485
64_12bad_c_mr,63,24144
64_12bad_c_mr,64,25131
64_12bad_c_mr,65,25918
64_12bad_c_mr,66,14215
64_12bad_c_mr,67,21780
64_12bad_c_mr,68,28380
64_12bad_c_mr,69,26866
64_12bad_c_mr,70,27844
64_12bad_c_mr,71,23485
64_12bad_c_mr,72,24144
64_12bad_c_mr,73,25131
64_12bad_c_mr,74,25918
64_12bad_c_mr,75,14215
64_12bad_c_mr,76,21780
64_12bad_c_mr,77,28380
64_12bad_c_mr,78,26866
64_12bad_c_mr,79,27844
64_12bad_c_mr,80,23485
64_const_ram,1,0
64_const_ram,2,8
64_const_ram,3,0
64_const_ram,4,0
64_const_ram,5,0
64_const_ram,6,0
64_const_ram,7,0
64_const_ram,8,0
64_const_ram,9,32
64_const_ram,10,32
64_const_ram,11,32
64_const_ram,12,300
64_const_ram,13,4
64_const_ram,14,1493
64_const_ram,15,38
64_const_ram,16,3238
64_const_ram,17,1785
64_const_ram,18,674
64_const_ram,19,2456
64_const_ram,20,515
64_const_ram,21,1414
64_const_ram,22,259
64_const_ram,23,2399
64_const_ram,24,2205
64_const_ram,25,11273
64_const_ram,26,4764
64_const_ram,27,6723
64_const_ram,28,16142
64_const_ram,29,16915
64_const_ram,30,4979
64_const_ram,31,3719
64_const_ram,32,18888
64_const_ram,33,21215
64_const_ram,34,24291
64_const_ram,35,16492
64_const_ram,36,19001
64_const_ram,37,20011
64_const_ram,38,30759
64_const_ram,39,15872
64_const_ram,40,25030
64_const_ram,41,34812
64_const_ram,42,31707
64_const_ram,43,34276
64_const_ram,44,26737
64_const_ram,45,28985
64_const_ram,46,29974
64_const_ram,47,30759
64_const_ram,48,15872
64_const_ram,49,25030
64_const_ram,50,34812
64_const_ram,51,31707
64_const_ram,52,34276
64_const_ram,53,26737
64_const_ram,54,28985
64_const_ram,55,29974
64_const_ram,56,30759
64_const_ram,57,15872
64_const_ram,58,25030
64_const_ram,59,34812
64_const_ram,60,31707
64_const_ram,61,34276
64_const_ram,62,26737
64_const_ram,63,28985
64_const_ram,64,29974
64_const_ram,65,30759
64_const_ram,66,15872
64_const_ram,67,25030
64_const_ram,68,34812
64_const_ram,69,31707
64_const_ram,70,34276
64_const_ram,71,26737
64_const_ram,72,28985
64_const_ram,73,29974
64_const_ram,74,30759
64_const_ram,75,15872
64_const_ram,76,25030
64_const_ram,77,34812
64_const_ram,78,31707
64_const_ram,79,34276
64_const_ram,80,26737
64_12bad,1,0
64_12bad,2,0
64_12bad,3,0
64_12bad,4,0
64_12bad,5,0
64_12bad,6,0
64_12bad,7,0
64_12bad,8,0
64_12bad,9,0
64_12bad,10,0
64_12bad,11,0
64_12bad,12,0
64_12bad,13,0
64_12bad,14,0
64_12bad,15,0
64_12bad,16,0
64_12bad,17,0
64_12bad,18,0
64_12bad,19,0
64_12bad,20,0
64_12bad,21,0
64_12bad,22,0
64_12bad,23,0
64_12bad,24,0
64_12bad,25,0
64_12bad,26,0
64_12bad,27,0
64_12bad,28,0
64_12bad,29,0
64_12bad,30,0
64_12bad,31,0
64_12bad,32,0
64_12bad,33,0
64_12bad,34,0
64_12bad,35,0
64_12bad,36,0
64_12bad,37,0
64_12bad,38,0
64_12bad,39,0
64_12bad,40,0
64_12bad,41,0
64_12bad,42,0
64_12bad,43,0
64_12bad,44,0
64_12bad,45,0
64_12bad,46,0
64_12bad,47,0
64_12bad,48,0
64_12bad,49,0
64_12bad,50,0
64_12bad,51,0
64_12bad,52,0
64_12bad,53,0
64_12bad,54,0
64_12bad,55,0
64_12bad,56,0
64_12bad,57,0
64_12bad,58,0
64_12bad,59,0
64_12bad,60,0
64_12bad,61,0
64_12bad,62,0
64_12bad,63,0
64_12bad,64,0
64_12bad,65,0
64_12bad,66,0
64_12bad,67,0
64_12bad,68,0
64_12bad,69,0
64_12bad,70,0
64_12bad,71,8
64_12bad,72,0
64_12bad,73,0
64_12bad,74,0
64_12bad,75,0
64_12bad,76,0
64_12bad,77,0
64_12bad,78,48
64_12bad,79,48
64_12bad,80,48
64_12bad_mmu,1,0
64_12bad_mmu,2,0
64_12bad_mmu,3,0
64_12bad_mmu,4,0
64_12bad_mmu,5,0
64_12bad_mmu,6,0
64_12bad_mmu,7,0
64_12bad_mmu,8,0
64_12bad_mmu,9,0
64_12bad_mmu,10,0
64_12bad_mmu,11,0
64_12bad_mmu,12,0
64_12bad_mmu,13,0
64_12bad_mmu,14,0
64_12bad_mmu,15,0
64_12bad_mmu,16,0
64_12bad_mmu,17,0
64_12bad_mmu,18,0
64_12bad_mmu,19,0
64_12bad_mmu,20,0
64_12bad_mmu,21,0
64_12bad_mmu,22,0
64_12bad_mmu,23,0
64_12bad_mmu,24,0
64_12bad_mmu,25,0
64_12bad_mmu,26,0
64_12bad_mmu,27,0
64_12bad_mmu,28,0
64_12bad_mmu,29,0
64_12bad_mmu,30,0
64_12bad_mmu,31,0
64_12bad_mmu,32,0
64_12bad_mmu,33,0
64_12bad_mmu,34,0
64_12bad_mmu,35,0
64_12bad_mmu,36,0
64_12bad_mmu,37,0
64_12bad_mmu,38,0
64_12bad_mmu,39,0
64_12bad_mmu,40,0
64_12bad_mmu,41,0
64_12bad_mmu,42,0
64_12bad_mmu,43,0
64_12bad_mmu,44,0
64_12bad_mmu,45,0
64_12bad_mmu,46,0
64_12bad_mmu,47,0
64_12bad_mmu,48,0
64_12bad_mmu,49,0
64_12bad_mmu,50,0
64_12bad_mmu,51,0
64_12bad_mmu,52,0
64_12bad_mmu,53,0
64_12bad_mmu,54,0
64_12bad_mmu,55,0
64_12bad_mmu,56,0
64_12bad_mmu,57,0
64_12bad_mmu,58,0
64_12bad_mmu,59,0
64_12bad_mmu,60,0
64_12bad_mmu,61,0
64_12bad_mmu,62,0
64_12bad_mmu,63,0
64_12bad_mmu,64,0
64_12bad_mmu,65,0
64_12bad_mmu,66,0
64_12bad_mmu,67,0
64_12bad_mmu,68,0
64_12bad_mmu,69,0
64_12bad_mmu,70,0
64_12bad_mmu,71,8
64_12bad_mmu,72,0
64_12bad_mmu,73,0
64_12bad_mmu,74,0
64_12bad_mmu,75,0
64_12bad_mmu,76,0
64_12bad_mmu,77,0
64_12bad_mmu,78,48
64_12bad_mmu,79,48
64_12bad_mmu,80,48
64_12bad_c_ram,1,0
64_12bad_c_ram,2,8
64_12bad_c_ram,3,0
64_12bad_c_ram,4,0
64_12bad_c_ram,5,0
64_12bad_c_ram,6,0
64_12bad_c_ram,7,0
64_12bad_c_ram,8,0
64_12bad_c_ram,9,32
64_12bad_c_ram,10,32
64_12bad_c_ram,11,32
64_12bad_c_ram,12,300
64_12bad_c_ram,13,4
64_12bad_c_ram,14,1493
64_12bad_c_ram,15,38
64_12bad_c_ram,16,3237
64_12bad_c_ram,17,1785
64_12bad_c_ram,18,674
64_12bad_c_ram,19,2456
64_12bad_c_ram,20,515
64_12bad_c_ram,21,1414
64_12bad_c_ram,22,259
64_12bad_c_ram,23,2399
64_12bad_c_ram,24,2205
64_12bad_c_ram,25,11208
64_12bad_c_ram,26,4701
64_12bad_c_ram,27,6660
64_12bad_c_ram,28,16077
64_12bad_c_ram,29,16850
64_12bad_c_ram,30,4916
64_12bad_c_ram,31,3656
64_12bad_c_ram,32,18823
64_12bad_c_ram,33,21150
64_12bad_c_ram,34,24226
64_12bad_c_ram,35,16427
64_12bad_c_ram,36,18936
64_12bad_c_ram,37,19941
64_12bad_c_ram,38,30691
64_12bad_c_ram,39,15806
64_12bad_c_ram,40,24962
64_12bad_c_ram,41,34744
64_12bad_c_ram,42,31639
64_12bad_c_ram,43,34208
64_12bad_c_ram,44,26667
64_12bad_c_ram,45,28917
64_12bad_c_ram,46,29904
64_12bad_c_ram,47,30691
64_12bad_c_ram,48,15806
64_12bad_c_ram,49,24962
64_12bad_c_ram,50,34744
64_12bad_c_ram,51,31639
64_12bad_c_ram,52,34208
64_12bad_c_ram,53,26667
64_12bad_c_ram,54,28917
64_12bad_c_ram,55,29904
64_12bad_c_ram,56,30691
64_12bad_c_ram,57,15806
64_12bad_c_ram,58,24962
64_12bad_c_ram,59,34744
64_12bad_c_ram,60,31639
64_12bad_c_ram,61,34208
64_12bad_c_ram,62,26667
64_12bad_c_ram,63,28917
64_12bad_c_ram,64,29904
64_12bad_c_ram,65,30691
64_12bad_c_ram,66,15806
64_12bad_c_ram,67,24962
64_12bad_c_ram,68,34744
64_12bad_c_ram,69,31639
64_12bad_c_ram,70,34208
64_12bad_c_ram,71,26667
64_12bad_c_ram,72,28917
64_12bad_c_ram,73,29904
64_12bad_c_ram,74,30691
64_12bad_c_ram,75,15806
64_12bad_c_ram,76,24962
64_12bad_c_ram,77,34744
64_12bad_c_ram,78,31639
64_12bad_c_ram,79,34208
64_12bad_c_ram,80,26667
64_12bad_ram,1,0
64_12bad_ram,2,0
64_12bad_ram,3,0
64_12bad_ram,4,0
64_12bad_ram,5,0
64_12bad_ram,6,0
64_12bad_ram,7,0
64_12bad_ram,8,0
64_12bad_ram,9,0
64_12bad_ram,10,0
64_12bad_ram,11,0
64_12bad_ram,12,0
64_12bad_ram,13,0
64_12bad_ram,14,0
64_12bad_ram,15,0
64_12bad_ram,16,0
64_12bad_ram,17,0
64_12bad_ram,18,0
64_12bad_ram,19,0
64_12bad_ram,20,0
64_12bad_ram,21,0
64_12bad_ram,22,0
64_12bad_ram,23,0
64_12bad_ram,24,0
64_12bad_ram,25,0
64_12bad_ram,26,0
64_12bad_ram,27,0
64_12bad_ram,28,0
64_12bad_ram,29,0
64_12bad_ram,30,0
64_12bad_ram,31,0
64_12bad_ram,32,0
64_12bad_ram,33,0
64_12bad_ram,34,0
64_12bad_ram,35,0
64_12bad_ram,36,0
64_12bad_ram,37,0
64_12bad_ram,38,0
64_12bad_ram,39,0
64_12bad_ram,40,0
64_12bad_ram,41,0
64_12bad_ram,42,0
64_12bad_ram,43,0
64_12bad_ram,44,0
64_12bad_ram,45,0
64_12bad_ram,46,0
64_12bad_ram,47,0
64_12bad_ram,48,0
64_12bad_ram,49,0
64_12bad_ram,50,0
64_12bad_ram,51,0
64_12bad_ram,52,0
64_12bad_ram,53,0
64_12bad_ram,54,0
64_12bad_ram,55,0
64_12bad_ram,56,0
64_12bad_ram,57,0
64_12bad_ram,58,0
64_12bad_ram,59,0
64_12bad_ram,60,0
64_12bad_ram,61,0
64_12bad_ram,62,0
64_12bad_ram,63,0
64_12bad_ram,64,0
64_12bad_ram,65,0
64_12bad_ram,66,0
64_12bad_ram,67,0
64_12bad_ram,68,0
64_12bad_ram,69,0
64_12bad_ram,70,0
64_12bad_ram,71,8
64_12bad_ram,72,0
64_12bad_ram,73,0
64_12bad_ram,74,0
64_12bad_ram,75,0
64_12bad_ram,76,0
64_12bad_ram,77,0
64_12bad_ram,78,48
64_12bad_ram,79,48
64_12bad_ram,80,48
64_12bad_mr,1,0
64_12bad_mr,2,0
64_12bad_mr,3,0
64_12bad_mr,4,0
64_12bad_mr,5,0
64_12bad_mr,6,0
64_12bad_mr,7,0
64_12bad_mr,8,0
64_12bad_mr,9,0
64_12bad_mr,10,0
64_12bad_mr,11,0
64_12bad_mr,12,0
64_12bad_mr,13,0
64_12bad_mr,14,0
64_12bad_mr,15,0
64_12bad_mr,16,0
64_12bad_mr,17,0
64_12bad_mr,18,0
64_12bad_mr,19,0
64_12bad_mr,20,0
64_12bad_mr,21,0
64_12bad_mr,22,0
64_12bad_mr,23,0
64_12bad_mr,24,0
64_12bad_mr,25,0
64_12bad_mr,26,0
64_12bad_mr,27,0
64_12bad_mr,28,0
64_12bad_mr,29,0
64_12bad_mr,30,0
64_12bad_mr,31,0
64_12bad_mr,32,0
64_12bad_mr,33,0
64_12bad_mr,34,0
64_12bad_mr,35,0
64_12bad_mr,36,0
64_12bad_mr,37,0
64_12bad_mr,38,0
64_12bad_mr,39,0
64_12bad_mr,40,0
64_12bad_mr,41,0
64_12bad_mr,42,0
64_12bad_mr,43,0
64_12bad_mr,44,0
64_12bad_mr,45,0
64_12bad_mr,46,0
64_12bad_mr,47,0
64_12bad_mr,48,0
64_12bad_mr,49,0
64_12bad_mr,50,0
64_12bad_mr,51,0
64_12bad_mr,52,0
64_12bad_mr,53,0
64_12bad_mr,54,0
64_12bad_mr,55,0
64_12bad_mr,56,0
64_12bad_mr,57,0
64_12bad_mr,58,0
64_12bad_mr,59,0
64_12bad_mr,60,0
64_12bad_mr,61,0
64_12bad_mr,62,0
64_12bad_mr,63,0
64_12bad_mr,64,0
64_12bad_mr,65,0
64_12bad_mr,66,0
64_12bad_mr,67,0
64_12bad_mr,68,0
64_12bad_mr,69,0
64_12bad_mr,70,0
64_12bad_mr,71,8
64_12bad_mr,72,0
64_12bad_mr,73,0
64_12bad_mr,74,0
64_12bad_mr,75,0
64_12bad_mr,76,0
64_12bad_mr,77,0
64_12bad_mr,78,48
64_12bad_mr,79,48
64_12bad_mr,80,48
64_12bad_c_mmu,1,0
64_12bad_c_mmu,2,8
64_12bad_c_mmu,3,0
64_12bad_c_mmu,4,0
64_12bad_c_mmu,5,0
64_12bad_c_mmu,6,0
64_12bad_c_mmu,7,0
64_12bad_c_mmu,8,0
64_12bad_c_mmu,9,32
64_12bad_c_mmu,10,32
64_12bad_c_mmu,11,32
64_12bad_c_mmu,12,300
64_12bad_c_mmu,13,4
64_12bad_c_mmu,14,1493
64_12bad_c_mmu,15,38
64_12bad_c_mmu,16,3101
64_12bad_c_mmu,17,1785
64_12bad_c_mmu,18,674
64_12bad_c_mmu,19,2456
64_12bad_c_mmu,20,515
64_12bad_c_mmu,21,1414
64_12bad_c_mmu,22,259
64_12bad_c_mmu,23,2399
64_12bad_c_mmu,24,2205
64_12bad_c_mmu,25,10104
64_12bad_c_mmu,26,4701
64_12bad_c_mmu,27,5556
64_12bad_c_mmu,28,13869
64_12bad_c_mmu,29,15134
64_12bad_c_mmu,30,4916
64_12bad_c_mmu,31,3656
64_12bad_c_mmu,32,17287
64_12bad_c_mmu,33,20382
64_12bad_c_mmu,34,21922
64_12bad_c_mmu,35,16427
64_12bad_c_mmu,36,17400
64_12bad_c_mmu,37,18405
64_12bad_c_mmu,38,29923
64_12bad_c_mmu,39,15806
64_12bad_c_mmu,40,24962
64_12bad_c_mmu,41,32440
64_12bad_c_mmu,42,30871
64_12bad_c_mmu,43,31904
64_12bad_c_mmu,44,26667
64_12bad_c_mmu,45,27381
64_12bad_c_mmu,46,28368
64_12bad_c_mmu,47,29923
64_12bad_c_mmu,48,15806
64_12bad_c_mmu,49,24962
64_12bad_c_mmu,50,32440
64_12bad_c_mmu,51,30871
64_12bad_c_mmu,52,31904
64_12bad_c_mmu,53,26667
64_12bad_c_mmu,54,27381
64_12bad_c_mmu,55,28368
64_12bad_c_mmu,56,29923
64_12bad_c_mmu,57,15806
64_12bad_c_mmu,58,24962
64_12bad_c_mmu,59,32440
64_12bad_c_mmu,60,30871
64_12bad_c_mmu,61,31904
64_12bad_c_mmu,62,26667
64_12bad_c_mmu,63,27381
64_12bad_c_mmu,64,28368
64_12bad_c_mmu,65,29923
64_12bad_c_mmu,66,15806
64_12bad_c_mmu,67,24962
64_12bad_c_mmu,68,32440
64_12bad_c_mmu,69,30871
64_12bad_c_mmu,70,31904
64_12bad_c_mmu,71,26667
64_12bad_c_mmu,72,27381
64_12bad_c_mmu,73,28368
64_12bad_c_mmu,74,29923
64_12bad_c_mmu,75,15806
64_12bad_c_mmu,76,24962
64_12bad_c_mmu,77,32440
64_12bad_c_mmu,78,30871
64_12bad_c_mmu,79,31904
64_12bad_c_mmu,80,26667
